{"cameraMode":{"drawMode":0,"name":"Shaded","section":"Shading Mode"},"sceneLighting":false,"audioPlay":false,"sceneViewState":{"m_AlwaysRefresh":false,"showFog":false,"showSkybox":false,"showFlares":false,"showImageEffects":false,"showParticleSystems":false,"showVisualEffectGraphs":true,"m_FxEnabled":true},"in2DMode":false,"pivot":{"x":0.051398247480392459,"y":0.8863837718963623,"z":0.3287579417228699},"rotation":{"x":0.0007813432603143156,"y":-0.9929327964782715,"z":0.11852730065584183,"w":0.006559845991432667},"size":1.268872618675232,"orthographic":false}