{"cameraMode":{"drawMode":0,"name":"Shaded","section":"Shading Mode"},"sceneLighting":false,"audioPlay":false,"sceneViewState":{"m_AlwaysRefresh":false,"showFog":false,"showSkybox":false,"showFlares":false,"showImageEffects":false,"showParticleSystems":false,"showVisualEffectGraphs":true,"m_FxEnabled":true},"in2DMode":false,"pivot":{"x":-2.5747499465942385,"y":1.7392041683197022,"z":-0.6410827040672302},"rotation":{"x":0.056945912539958957,"y":-0.028449809178709985,"z":0.0016237444942817093,"w":0.9979715943336487},"size":78.44148254394531,"orthographic":false}