{"cameraMode":{"drawMode":0,"name":"Shaded","section":"Shading Mode"},"sceneLighting":false,"audioPlay":false,"sceneViewState":{"m_AlwaysRefresh":false,"showFog":false,"showSkybox":false,"showFlares":false,"showImageEffects":false,"showParticleSystems":false,"showVisualEffectGraphs":true,"m_FxEnabled":true},"in2DMode":false,"pivot":{"x":0.03999730944633484,"y":0.9023236036300659,"z":0.2830398678779602},"rotation":{"x":0.0007813432603143156,"y":-0.9929327964782715,"z":0.11852730065584183,"w":0.006559845991432667},"size":1.2792173624038697,"orthographic":false}