{"cameraMode":{"drawMode":0,"name":"Shaded","section":"Shading Mode"},"sceneLighting":false,"audioPlay":false,"sceneViewState":{"m_AlwaysRefresh":false,"showFog":false,"showSkybox":false,"showFlares":false,"showImageEffects":false,"showParticleSystems":false,"showVisualEffectGraphs":true,"m_FxEnabled":true},"in2DMode":false,"pivot":{"x":-0.029200032353401185,"y":0.26805007457733157,"z":0.9978999495506287},"rotation":{"x":0.23822323977947236,"y":0.6256039142608643,"z":-0.20906077325344087,"w":0.7128649950027466},"size":0.5119238495826721,"orthographic":false}